0,1,2,3,4,5,6,7,8,9,10,11,12,13,14,15,16,17,18,19,20,21,22,23,24,25,26,27,28,29,30,31,32,33,34,35,36,37,38,39,40,41,42,43,44,45,46,47,48,49,50,51,52,53,54,55,56,57,58,59,60,61,62,63
0.589732825756073,0.8886229991912842,-3.385310662906704e-07,0.5247938632965088,0.856072187423706,-0.02550838328897953,0.4610036313533783,0.7724580764770508,-0.04516124352812767,0.4165874123573303,0.7094797492027283,-0.0658438578248024,0.378652960062027,0.6668526530265808,-0.0868203416466713,0.5237843990325928,0.6494446396827698,-0.03667808696627617,0.5160788297653198,0.5314837098121643,-0.0671091228723526,0.5143007040023804,0.46471327543258667,-0.08338703960180283,0.5145268440246582,0.4080067574977875,-0.09614972770214081,0.5748076438903809,0.6557195782661438,-0.043279923498630524,0.5507020354270935,0.628953218460083,-0.0898294746875763,0.5403291583061218,0.716921865940094,-0.09449362754821777,0.5442056059837341,0.7565250992774963,-0.08908490091562271,0.623092532157898,0.6815588474273682,-0.053422436118125916,0.5965062379837036,0.6702240705490112,-0.0966939851641655,0.5819269418716431,0.7504461407661438,-0.07976454496383667,0.5837790369987488,0.7771954536437988,-0.06024511530995369,0.6693049669265747,0.7190443277359009,-0.06618167459964752,0.6456785202026367,0.7010397911071777,-0.0920548290014267,0.6225128769874573,0.7605019211769104,-0.07710716873407364,0.6184388399124146,0.7836765050888062,-0.061272770166397095,HELLO
0.6000300049781799,0.8773044943809509,-3.087670847889967e-07,0.5381549000740051,0.839043378829956,-0.02034805901348591,0.47856003046035767,0.7535353302955627,-0.035029683262109756,0.43727201223373413,0.6909752488136292,-0.051819730550050735,0.3999903202056885,0.6468839645385742,-0.06906142085790634,0.5422517657279968,0.6279987692832947,-0.02459227293729782,0.5364762544631958,0.5157318115234375,-0.05336945131421089,0.5332853198051453,0.4486221671104431,-0.0693017765879631,0.5326124429702759,0.38981011509895325,-0.08138139545917511,0.5905296802520752,0.637509822845459,-0.0334567166864872,0.5653231143951416,0.603166937828064,-0.08119410276412964,0.5533466339111328,0.6925549507141113,-0.08668483793735504,0.5586133599281311,0.7357854843139648,-0.07994192093610764,0.636894941329956,0.6651850342750549,-0.04586680233478546,0.6104720234870911,0.6423982977867126,-0.09255456179380417,0.5940645337104797,0.7241459488868713,-0.0769043043255806,0.5965135097503662,0.7550168037414551,-0.05536913871765137,0.6831254959106445,0.7035225033760071,-0.059854958206415176,0.6570380330085754,0.6730660796165466,-0.08732389658689499,0.6324964165687561,0.7346799373626709,-0.07189402729272842,0.6279636025428772,0.7624858021736145,-0.05407638102769852,HELLO
0.5994895100593567,0.8766586780548096,-3.1345635420620965e-07,0.537521481513977,0.8413962125778198,-0.023859204724431038,0.4775685667991638,0.7535419464111328,-0.041033193469047546,0.4344659149646759,0.6858034133911133,-0.0598420687019825,0.3953103721141815,0.6387415528297424,-0.07901377230882645,0.5429720878601074,0.6287326812744141,-0.02703510783612728,0.5372109413146973,0.5162895917892456,-0.05833922699093819,0.5347974896430969,0.448772132396698,-0.074734628200531,0.5347127914428711,0.39002886414527893,-0.08668036013841629,0.5904464721679688,0.6396499872207642,-0.03571619465947151,0.5633044838905334,0.6007601022720337,-0.0860372930765152,0.5508874654769897,0.6946918964385986,-0.09039396047592163,0.5575462579727173,0.7380645871162415,-0.08188831806182861,0.636384904384613,0.6673619747161865,-0.048804137855768204,0.6098659634590149,0.6434127688407898,-0.09961617738008499,0.5922834277153015,0.7305945158004761,-0.08271778374910355,0.5948042869567871,0.7593233585357666,-0.05915174260735512,0.683151125907898,0.7047991156578064,-0.06371040642261505,0.6551841497421265,0.673617959022522,-0.09304310381412506,0.6314149498939514,0.7379148602485657,-0.0765484943985939,0.6288235783576965,0.7641482353210449,-0.057664789259433746,HELLO
0.6075245141983032,0.8604812026023865,-2.845532947048923e-07,0.5465704202651978,0.8211874961853027,-0.022502655163407326,0.4866001605987549,0.7356597185134888,-0.038768209517002106,0.4456477761268616,0.6722760796546936,-0.05684596672654152,0.4091677963733673,0.6243283152580261,-0.07513263076543808,0.5530166029930115,0.6128497123718262,-0.025163568556308746,0.548692524433136,0.5018988251686096,-0.0528472363948822,0.5473954677581787,0.43547046184539795,-0.06691543012857437,0.5476531386375427,0.3786970376968384,-0.07759983837604523,0.6005491018295288,0.6246678829193115,-0.03383736312389374,0.5727615356445312,0.5856289267539978,-0.08177842199802399,0.5605108737945557,0.6762903928756714,-0.08601377159357071,0.5672293305397034,0.7222954630851746,-0.07760472595691681,0.646138608455658,0.6532915234565735,-0.04646238684654236,0.6173511743545532,0.6252287030220032,-0.09403280168771744,0.6015914678573608,0.7100638747215271,-0.07753943651914597,0.6064675450325012,0.7421613335609436,-0.05481003597378731,0.6924664974212646,0.691238284111023,-0.06080939620733261,0.6630537509918213,0.6574649810791016,-0.08895335346460342,0.639938473701477,0.7204071879386902,-0.07326819002628326,0.6393190026283264,0.7478879690170288,-0.05504080653190613,HELLO
0.6083166599273682,0.8621855974197388,-2.943676804534334e-07,0.5460889935493469,0.8257754445075989,-0.02480645664036274,0.48646289110183716,0.7374638319015503,-0.04276343807578087,0.4446563720703125,0.668852686882019,-0.06228872016072273,0.4059511721134186,0.619111180305481,-0.08211707323789597,0.5525322556495667,0.6148171424865723,-0.02771296538412571,0.5477447509765625,0.5024568438529968,-0.05874161049723625,0.5477842688560486,0.43478167057037354,-0.07471515238285065,0.5499969124794006,0.37584418058395386,-0.08650572597980499,0.6007285714149475,0.6257116794586182,-0.03632599115371704,0.5737332701683044,0.5851643085479736,-0.08690763264894485,0.5622089505195618,0.6797397136688232,-0.09137874841690063,0.5688698291778564,0.7247405052185059,-0.08283889293670654,0.6470785737037659,0.6535831689834595,-0.04937317222356796,0.6191785335540771,0.6273914575576782,-0.09994453191757202,0.6031677722930908,0.7152163982391357,-0.08288093656301498,0.6068334579467773,0.746115505695343,-0.05927758663892746,0.6943822503089905,0.6914252638816833,-0.0643564835190773,0.6643733382225037,0.6598144173622131,-0.09395339339971542,0.6413386464118958,0.7229623198509216,-0.07812230288982391,0.639785647392273,0.7489846348762512,-0.05971662700176239,HELLO
0.633539080619812,0.84373539686203,-1.894358376830496e-07,0.5706666111946106,0.7998701333999634,-0.027987761422991753,0.5146586298942566,0.7165475487709045,-0.047530822455883026,0.4736383855342865,0.6508939862251282,-0.06837377697229385,0.43859541416168213,0.5979982018470764,-0.08862770348787308,0.5741952061653137,0.5897403955459595,-0.02721940353512764,0.5775086283683777,0.4799601435661316,-0.05544937029480934,0.581280529499054,0.41340240836143494,-0.0689573585987091,0.5847982168197632,0.35651084780693054,-0.0790487602353096,0.62188720703125,0.6023572087287903,-0.032984551042318344,0.6046234369277954,0.560528039932251,-0.08138938993215561,0.5944663286209106,0.6541780829429626,-0.08373729139566422,0.5981231331825256,0.6971311569213867,-0.07312367856502533,0.6690337061882019,0.6321426630020142,-0.04336324706673622,0.6488200426101685,0.608779788017273,-0.09060081839561462,0.6323695778846741,0.6937685608863831,-0.0735267847776413,0.6321935653686523,0.7203716039657593,-0.05011523887515068,0.7144463062286377,0.671771764755249,-0.05611271411180496,0.694328248500824,0.6428386569023132,-0.08287663012742996,0.669242799282074,0.7041472792625427,-0.06757671386003494,0.6639264225959778,0.7270083427429199,-0.04984495788812637,HELLO
0.6407252550125122,0.8411060571670532,-2.171856010591e-07,0.5790325999259949,0.8006077408790588,-0.030270185321569443,0.522098183631897,0.7160717844963074,-0.0514727421104908,0.481915146112442,0.6486802697181702,-0.07391772419214249,0.4451921582221985,0.5953667759895325,-0.09604852646589279,0.5810085535049438,0.5843498110771179,-0.029814304783940315,0.5846369862556458,0.47496217489242554,-0.061722222715616226,0.5896604061126709,0.4079882502555847,-0.07819657027721405,0.5934752225875854,0.35092079639434814,-0.08996023237705231,0.6277937889099121,0.5975470542907715,-0.03559776395559311,0.6122511029243469,0.5569863319396973,-0.08721815049648285,0.6008451581001282,0.652618408203125,-0.09197083860635757,0.6010187864303589,0.6945075392723083,-0.08299774676561356,0.6744301915168762,0.6257120966911316,-0.04636570066213608,0.6586838960647583,0.5968243479728699,-0.09875006228685379,0.6401288509368896,0.686882495880127,-0.08272866159677505,0.6359168887138367,0.7174345254898071,-0.058845844119787216,0.7207411527633667,0.6626623272895813,-0.05949701741337776,0.7039166688919067,0.6313892602920532,-0.09180998802185059,0.6785150170326233,0.6954672336578369,-0.07776451855897903,0.6695542335510254,0.721967339515686,-0.05961372330784798,HELLO
0.63955157995224,0.8411070108413696,-2.1983430542604765e-07,0.5775492787361145,0.8012745976448059,-0.02932281419634819,0.5193338394165039,0.7151164412498474,-0.050224028527736664,0.4799662232398987,0.6458370685577393,-0.07273196429014206,0.44443628191947937,0.5911532640457153,-0.09507695585489273,0.5824542045593262,0.5858440399169922,-0.029166700318455696,0.5858610272407532,0.4750290513038635,-0.06103590130805969,0.5904907584190369,0.4072032570838928,-0.0760076567530632,0.5948719382286072,0.3506569564342499,-0.08626081049442291,0.6287315487861633,0.5999062657356262,-0.035988714545965195,0.6135801076889038,0.5540950298309326,-0.08769837021827698,0.599654495716095,0.6524986028671265,-0.0905771553516388,0.599509060382843,0.6948708295822144,-0.07950340211391449,0.6744720339775085,0.6282677054405212,-0.047929905354976654,0.659804105758667,0.5989454388618469,-0.10096727311611176,0.6399569511413574,0.6911460757255554,-0.08370441198348999,0.6363563537597656,0.7205030918121338,-0.05831804499030113,0.7198527455329895,0.6648219227790833,-0.06211789324879646,0.703023374080658,0.6329640746116638,-0.09371411800384521,0.6783327460289001,0.6974889636039734,-0.07832702994346619,0.6715775728225708,0.7225757241249084,-0.05909667909145355,HELLO
0.6447973251342773,0.8400192856788635,-2.2819602918389137e-07,0.5822045207023621,0.8002080321311951,-0.03051396645605564,0.5245925188064575,0.7143381237983704,-0.05177340656518936,0.48555442690849304,0.6449841856956482,-0.07420627027750015,0.4495442509651184,0.5912147760391235,-0.0962895005941391,0.5867864489555359,0.5830740332603455,-0.030572138726711273,0.5906218886375427,0.4720526337623596,-0.06305928528308868,0.5959083437919617,0.40502339601516724,-0.0796903520822525,0.6003468632698059,0.3483312726020813,-0.09152493625879288,0.6339238286018372,0.5981581211090088,-0.03640935942530632,0.6192938089370728,0.5558391809463501,-0.08955759555101395,0.6080397367477417,0.6523171067237854,-0.09433339536190033,0.6084929704666138,0.6956139802932739,-0.08491677790880203,0.6806694269180298,0.6270525455474854,-0.04733927547931671,0.6652448773384094,0.596005916595459,-0.10057961195707321,0.646649181842804,0.6854130029678345,-0.08464110642671585,0.6426400542259216,0.7163206934928894,-0.060482222586870193,0.7269876599311829,0.664302408695221,-0.0606682226061821,0.7106108665466309,0.6305006146430969,-0.09358734637498856,0.6850277781486511,0.6938816905021667,-0.07991725951433182,0.6760489344596863,0.7208365797996521,-0.06188018620014191,HELLO
0.6459184885025024,0.8397321105003357,-2.0756299079494056e-07,0.5828294157981873,0.8001008629798889,-0.03142669051885605,0.5248262286186218,0.7153285145759583,-0.0537857823073864,0.48423781991004944,0.6450695395469666,-0.07742360979318619,0.44926396012306213,0.5883470773696899,-0.10075771063566208,0.5876305103302002,0.5839437246322632,-0.03107401356101036,0.5909766554832458,0.47171714901924133,-0.06432893127202988,0.5966858267784119,0.4042525887489319,-0.08049354702234268,0.6023584008216858,0.3474735617637634,-0.0914696678519249,0.6335273385047913,0.5992068648338318,-0.03705741837620735,0.6203874349594116,0.5520939230918884,-0.09127095341682434,0.6071839332580566,0.6519526243209839,-0.0952281802892685,0.6066411733627319,0.6957928538322449,-0.08428813517093658,0.6793287396430969,0.628159761428833,-0.04832375422120094,0.6671662330627441,0.5969271659851074,-0.10350386053323746,0.647435188293457,0.6902961730957031,-0.08670007437467575,0.6425338983535767,0.7212690114974976,-0.06091457977890968,0.7249695062637329,0.6648144721984863,-0.0619610957801342,0.7106513977050781,0.6305370926856995,-0.09551390260457993,0.6857160925865173,0.6964457035064697,-0.08078234642744064,0.6775697469711304,0.7229211926460266,-0.06150536239147186,HELLO
0.6471667289733887,0.8402356505393982,-2.176817019972077e-07,0.5864460468292236,0.7990514636039734,-0.03239576518535614,0.5294265151023865,0.7150907516479492,-0.055451784282922745,0.4889830946922302,0.6463567018508911,-0.07943019270896912,0.4531645178794861,0.5905023813247681,-0.10303390771150589,0.5910971760749817,0.5828965902328491,-0.034051354974508286,0.5947670340538025,0.47089874744415283,-0.06808499246835709,0.5999205708503723,0.4031085968017578,-0.0854627788066864,0.6049234867095947,0.34569230675697327,-0.09756671637296677,0.6383099555969238,0.5988065600395203,-0.03953706473112106,0.6255461573600769,0.555902361869812,-0.0932513177394867,0.6125929951667786,0.6532161235809326,-0.09735087305307388,0.612058699131012,0.6962577700614929,-0.08745293319225311,0.6849449872970581,0.6287407279014587,-0.05033845826983452,0.6706273555755615,0.5989851355552673,-0.10460224747657776,0.65107262134552,0.6880332827568054,-0.0881129801273346,0.6470873951911926,0.7162802219390869,-0.06346601992845535,0.7307627201080322,0.6662188172340393,-0.06365080922842026,0.7165511846542358,0.6304653882980347,-0.09712231159210205,0.6912265419960022,0.6936749815940857,-0.082640141248703,0.6828576326370239,0.7194956541061401,-0.0639691948890686,HELLO
0.6489034295082092,0.8412389755249023,-2.170645387877812e-07,0.5867072939872742,0.7992146015167236,-0.030934669077396393,0.5287115573883057,0.7148025035858154,-0.05358211696147919,0.48754382133483887,0.6457555294036865,-0.07757703214883804,0.45246195793151855,0.5896331071853638,-0.10116394609212875,0.5921480059623718,0.5829311609268188,-0.03183695301413536,0.5958662629127502,0.4705781042575836,-0.06539973616600037,0.601625382900238,0.40270382165908813,-0.08185022324323654,0.6072306036949158,0.3451102077960968,-0.09311170130968094,0.6386943459510803,0.5985515713691711,-0.03817293047904968,0.6257467269897461,0.5536378026008606,-0.09165450185537338,0.6122035980224609,0.6531240344047546,-0.09489183127880096,0.6118519902229309,0.6968552470207214,-0.08392063528299332,0.6851668357849121,0.6284286975860596,-0.04984528571367264,0.6727163791656494,0.5994539856910706,-0.1039319559931755,0.6524029970169067,0.6908169388771057,-0.08695435523986816,0.6481726765632629,0.719504714012146,-0.06170004606246948,0.7311107516288757,0.6662018299102783,-0.0639205351471901,0.7180704474449158,0.6310889720916748,-0.09668713063001633,0.6919488906860352,0.6954808235168457,-0.08184164762496948,0.6835406422615051,0.7215166091918945,-0.06288867443799973,HELLO
0.649170994758606,0.8477881550788879,-2.2740023553069477e-07,0.5867358446121216,0.8069369792938232,-0.032831285148859024,0.5307040214538574,0.7213390469551086,-0.05588224157691002,0.4900517761707306,0.6540272235870361,-0.07971847057342529,0.4541589915752411,0.598738431930542,-0.10325393080711365,0.5925609469413757,0.5890244841575623,-0.03480589762330055,0.5963808298110962,0.4771914482116699,-0.06951218098402023,0.6018010377883911,0.41002506017684937,-0.08728305250406265,0.6075798869132996,0.35171738266944885,-0.09961587935686111,0.6403152942657471,0.6046615242958069,-0.0404001921415329,0.6274570226669312,0.5623138546943665,-0.09593696892261505,0.6135590076446533,0.6606996655464172,-0.10152357071638107,0.612724244594574,0.7053285241127014,-0.09203542023897171,0.686792254447937,0.634727418422699,-0.0512433722615242,0.672325849533081,0.6096258759498596,-0.10666844248771667,0.6510449051856995,0.7001934051513672,-0.09159699082374573,0.6457778811454773,0.7297734022140503,-0.06744053959846497,0.7331701517105103,0.6723605394363403,-0.06461801379919052,0.7161698937416077,0.6443285346031189,-0.09844213724136353,0.6897995471954346,0.7086126804351807,-0.08516398072242737,0.6805013418197632,0.7330425977706909,-0.06716707348823547,HELLO
0.6506056189537048,0.8505082130432129,-2.180475746627053e-07,0.5887607932090759,0.8093459010124207,-0.03288156911730766,0.532569408416748,0.7237757444381714,-0.056111887097358704,0.49092674255371094,0.6553184390068054,-0.08018098771572113,0.45470544695854187,0.600591242313385,-0.10393918305635452,0.5950276255607605,0.5935490727424622,-0.035473331809043884,0.6004396677017212,0.4808923602104187,-0.07024804502725601,0.6061848402023315,0.41285240650177,-0.08808069676160812,0.611918032169342,0.35437312722206116,-0.10042453557252884,0.6426879167556763,0.6094650030136108,-0.04086709022521973,0.6298454999923706,0.5678892135620117,-0.09596486389636993,0.6155333518981934,0.6655108332633972,-0.101002037525177,0.6145738959312439,0.709864616394043,-0.09136267006397247,0.6891267895698547,0.6393412947654724,-0.05151207000017166,0.6751653552055359,0.6148141622543335,-0.1063910648226738,0.6541401147842407,0.7042614221572876,-0.09056031703948975,0.6493769884109497,0.7332795262336731,-0.066109798848629,0.7351018190383911,0.6765438318252563,-0.06476496160030365,0.7207831740379333,0.6468102335929871,-0.09798040241003036,0.6941195130348206,0.710046648979187,-0.08401276916265488,0.6846562027931213,0.7349099516868591,-0.0656508132815361,HELLO
0.6506174802780151,0.8513572812080383,-2.104204241959451e-07,0.5888466835021973,0.8089579343795776,-0.031725067645311356,0.5318480730056763,0.7242478728294373,-0.05525543913245201,0.49046260118484497,0.6550849676132202,-0.08011337369680405,0.45408305525779724,0.6001572012901306,-0.10471955686807632,0.596463143825531,0.5934573411941528,-0.033472344279289246,0.6007698774337769,0.48140451312065125,-0.06802364438772202,0.6064327955245972,0.4123670756816864,-0.08524089306592941,0.611850917339325,0.3542642891407013,-0.09694084525108337,0.6430891156196594,0.6095010638237,-0.03962991014122963,0.6283859610557556,0.5662732124328613,-0.09384768456220627,0.6137285828590393,0.664814829826355,-0.09758559614419937,0.6131360530853271,0.7070860862731934,-0.08687453716993332,0.6893938779830933,0.6394175291061401,-0.05111148580908775,0.6743789315223694,0.6124384999275208,-0.1057218685746193,0.6538464426994324,0.7032358646392822,-0.0887267142534256,0.6503463983535767,0.7313133478164673,-0.06332109123468399,0.7351920008659363,0.676594078540802,-0.06511377543210983,0.7194617390632629,0.6447849869728088,-0.09799543768167496,0.6931754946708679,0.7085872292518616,-0.08305909484624863,0.6856825947761536,0.7334860563278198,-0.06389551609754562,HELLO
0.6514189839363098,0.8552225828170776,-2.3697172935044364e-07,0.5892178416252136,0.8132036924362183,-0.02964133210480213,0.533904492855072,0.7264356017112732,-0.051982343196868896,0.4925941228866577,0.6570144295692444,-0.07587241381406784,0.45547688007354736,0.6034062504768372,-0.0997205376625061,0.5980810523033142,0.5974966287612915,-0.033139120787382126,0.6037060022354126,0.484027624130249,-0.0682167187333107,0.6090467572212219,0.41546231508255005,-0.08637506514787674,0.6141473650932312,0.3567640781402588,-0.09904857724905014,0.645498514175415,0.6138736009597778,-0.04024778679013252,0.630402147769928,0.5700252056121826,-0.09537893533706665,0.6157412528991699,0.6682891845703125,-0.10020779818296432,0.6158902645111084,0.7128723859786987,-0.0905294343829155,0.6921963095664978,0.6446810364723206,-0.052358228713274,0.6757177710533142,0.6160361766815186,-0.10691962391138077,0.6545018553733826,0.7049866914749146,-0.09027393162250519,0.6511279940605164,0.734931468963623,-0.06536483764648438,0.7382895946502686,0.6836948990821838,-0.06681495904922485,0.7220098376274109,0.6499255895614624,-0.09988676011562347,0.6942064166069031,0.7121290564537048,-0.08524177968502045,0.6850892901420593,0.7383935451507568,-0.06637387722730637,HELLO
0.6525149345397949,0.8594672679901123,-2.1549099926687632e-07,0.5916300415992737,0.8166772127151489,-0.03217602148652077,0.535876989364624,0.7324250340461731,-0.05723515525460243,0.49318623542785645,0.6630647778511047,-0.08371958881616592,0.4564112424850464,0.6072238087654114,-0.10996896773576736,0.5997887253761292,0.6007415652275085,-0.03600531816482544,0.6050778031349182,0.48754191398620605,-0.07286778837442398,0.6109349727630615,0.41716790199279785,-0.09107509255409241,0.6170217990875244,0.3581206798553467,-0.10304701328277588,0.6469069123268127,0.6169334053993225,-0.04201963543891907,0.6316013336181641,0.5771218538284302,-0.09725970774888992,0.6172345876693726,0.6772775053977966,-0.09988532215356827,0.6179695725440979,0.7182430624961853,-0.08831195533275604,0.6935017704963684,0.6468008756637573,-0.05353088676929474,0.6772893667221069,0.6232149004936218,-0.1087878942489624,0.656234860420227,0.7134283781051636,-0.09048034250736237,0.6531339883804321,0.7406659126281738,-0.06416887044906616,0.7394624352455139,0.684426486492157,-0.06769175827503204,0.7226453423500061,0.6548974514007568,-0.10078660398721695,0.6958118677139282,0.7187535762786865,-0.0852382555603981,0.6882859468460083,0.7433361411094666,-0.06551771610975266,HELLO
0.6531242728233337,0.8597661256790161,-2.3317028308156296e-07,0.5924210548400879,0.8177821040153503,-0.029988082125782967,0.5360187888145447,0.7314344048500061,-0.05276617780327797,0.4939359724521637,0.6632376313209534,-0.07698534429073334,0.4573536813259125,0.6100826859474182,-0.10107921808958054,0.6015595197677612,0.6008477807044983,-0.03430569916963577,0.6061183214187622,0.4866947531700134,-0.06964043527841568,0.611777126789093,0.41815656423568726,-0.0878174751996994,0.6176583170890808,0.35920920968055725,-0.10035666823387146,0.6496532559394836,0.6169368028640747,-0.041173145174980164,0.6334223747253418,0.5753996968269348,-0.09648198634386063,0.6192084550857544,0.674492597579956,-0.10104881227016449,0.6205137372016907,0.7189109325408936,-0.09114888310432434,0.69636070728302,0.6475481986999512,-0.053022757172584534,0.678791344165802,0.621738612651825,-0.10763311386108398,0.6581072211265564,0.711566150188446,-0.0904383659362793,0.6561672687530518,0.7413018345832825,-0.06521961838006973,0.7418849468231201,0.6861730217933655,-0.06727506220340729,0.72439044713974,0.654560387134552,-0.1002148687839508,0.6974674463272095,0.718069314956665,-0.0851111188530922,0.6907304525375366,0.7440797090530396,-0.06590171158313751,HELLO
0.6547248959541321,0.8621228337287903,-2.4370800133510784e-07,0.594172477722168,0.81925368309021,-0.031016821041703224,0.5381646156311035,0.7329456806182861,-0.054061517119407654,0.49666863679885864,0.6650184392929077,-0.07849093526601791,0.4604789614677429,0.6110055446624756,-0.10273376852273941,0.603375256061554,0.6032039523124695,-0.034637369215488434,0.6083285808563232,0.48968780040740967,-0.06980802118778229,0.6142124533653259,0.4210452437400818,-0.08751501142978668,0.6196407675743103,0.36236369609832764,-0.09957657754421234,0.65159010887146,0.6192939877510071,-0.04126368835568428,0.6347271800041199,0.5804916620254517,-0.09640074521303177,0.6201158165931702,0.678123950958252,-0.10129876434803009,0.6210291385650635,0.7219027280807495,-0.09161010384559631,0.6982716917991638,0.650110125541687,-0.052985966205596924,0.6798321008682251,0.627697765827179,-0.10790091007947922,0.6590074896812439,0.7159913182258606,-0.0914914458990097,0.6569569110870361,0.7450886368751526,-0.06664276123046875,0.7442886233329773,0.6894196271896362,-0.06716905534267426,0.7266005873680115,0.6576504111289978,-0.10020553320646286,0.6999525427818298,0.7198951840400696,-0.08533133566379547,0.6928830146789551,0.745888888835907,-0.06615588068962097,HELLO
0.6546499729156494,0.862787127494812,-2.367683862303238e-07,0.5950958132743835,0.8198157548904419,-0.030493751168251038,0.5383386015892029,0.7330760955810547,-0.053413908928632736,0.4966419041156769,0.6643455624580383,-0.07779383659362793,0.45991724729537964,0.6107600331306458,-0.10213745385408401,0.6035646200180054,0.6036560535430908,-0.0339796207845211,0.6086769700050354,0.4907531440258026,-0.06932271271944046,0.6150516867637634,0.42133843898773193,-0.08698052167892456,0.6205207705497742,0.36247265338897705,-0.09894255548715591,0.6508565545082092,0.6201845407485962,-0.04081084206700325,0.6337468028068542,0.5804516077041626,-0.09525009244680405,0.6185957193374634,0.6784865260124207,-0.09925097227096558,0.6191155314445496,0.7193747758865356,-0.08918391913175583,0.6977864503860474,0.651266872882843,-0.05280175805091858,0.6806296706199646,0.6256906986236572,-0.1079520434141159,0.6596477627754211,0.7156171798706055,-0.09055666625499725,0.6574852466583252,0.7437421679496765,-0.06504188477993011,0.7443982362747192,0.6909424662590027,-0.0671347975730896,0.7266432642936707,0.6560168862342834,-0.10041488707065582,0.7001814246177673,0.7198507785797119,-0.08460714668035507,0.6938937902450562,0.7463207840919495,-0.06473812460899353,HELLO
0.6584641337394714,0.8657407760620117,-2.474842801802879e-07,0.5971051454544067,0.8230177760124207,-0.03010210581123829,0.5408311486244202,0.7368589639663696,-0.05265974998474121,0.4982522130012512,0.6678475737571716,-0.07672856748104095,0.46243199706077576,0.6136491894721985,-0.10078196227550507,0.6054590940475464,0.6071519255638123,-0.03382318466901779,0.6117962002754211,0.4927440881729126,-0.0697217658162117,0.6179540753364563,0.4236534833908081,-0.08868937939405441,0.6227293014526367,0.3644193708896637,-0.101688452064991,0.6531404256820679,0.6226016879081726,-0.04065743088722229,0.6365264654159546,0.5834516882896423,-0.09751179814338684,0.6234613656997681,0.6829861402511597,-0.10376672446727753,0.624043345451355,0.7300927639007568,-0.09463280439376831,0.7000900506973267,0.652923047542572,-0.052391715347766876,0.6832197904586792,0.628562331199646,-0.10840193182229996,0.6631525754928589,0.7181810140609741,-0.09236354380846024,0.6594914793968201,0.7500105500221252,-0.06735560297966003,0.7467619776725769,0.6923713088035583,-0.06642496585845947,0.7313965559005737,0.6583684682846069,-0.1003173366189003,0.7045058608055115,0.7218680381774902,-0.08538047969341278,0.695565938949585,0.7496488690376282,-0.06586408615112305,HELLO
0.6582373380661011,0.8666918873786926,-2.3948035732246353e-07,0.5986642241477966,0.8238335847854614,-0.030327262356877327,0.5417214632034302,0.7379578351974487,-0.05368955805897713,0.4989503026008606,0.6682447195053101,-0.0787382572889328,0.4617226719856262,0.6138431429862976,-0.10374831408262253,0.6063876748085022,0.6062356233596802,-0.033806752413511276,0.6116595268249512,0.49275657534599304,-0.07044637948274612,0.6176092028617859,0.42301610112190247,-0.08901629596948624,0.6225623488426208,0.36387401819229126,-0.10141723603010178,0.6532549262046814,0.6226755976676941,-0.04074104130268097,0.6373226642608643,0.5833689570426941,-0.09623834490776062,0.6231716275215149,0.6834139227867126,-0.10010606050491333,0.6231579184532166,0.7241818308830261,-0.08957500755786896,0.7003378868103027,0.653326153755188,-0.05296333134174347,0.6837300062179565,0.6276374459266663,-0.10869307816028595,0.6632030606269836,0.7186253666877747,-0.09091970324516296,0.6600812077522278,0.7452418804168701,-0.06496967375278473,0.7468855977058411,0.6924287676811218,-0.0675559788942337,0.7308852076530457,0.6581732630729675,-0.10115531831979752,0.7042443156242371,0.7228615283966064,-0.08517123758792877,0.6967779397964478,0.7483097314834595,-0.06505066901445389,HELLO
0.6636605262756348,0.8700820207595825,-2.4633499151605065e-07,0.6021889448165894,0.8282126188278198,-0.030545981600880623,0.547049880027771,0.7408936023712158,-0.05454261600971222,0.5046716928482056,0.6714198589324951,-0.08029564470052719,0.46656787395477295,0.6180302500724792,-0.10596519708633423,0.6102028489112854,0.6104229688644409,-0.03536133095622063,0.6156225800514221,0.49661076068878174,-0.07303338497877121,0.6209316849708557,0.4269406497478485,-0.09185858070850372,0.627852737903595,0.3660656809806824,-0.10431782156229019,0.6580775380134583,0.6259962916374207,-0.04207256808876991,0.6430550217628479,0.5899667739868164,-0.09763465821743011,0.6281282305717468,0.6892773509025574,-0.10095816850662231,0.6297933459281921,0.7279368042945862,-0.0903143584728241,0.7053034901618958,0.6562924385070801,-0.05406799167394638,0.6873824596405029,0.6350508332252502,-0.10935638844966888,0.6662354469299316,0.7236194014549255,-0.0908176451921463,0.6650335788726807,0.748924732208252,-0.06467335671186447,0.7518394589424133,0.6951519846916199,-0.06858833879232407,0.7342081665992737,0.6638374924659729,-0.10126714408397675,0.7074358463287354,0.7274487614631653,-0.0846838653087616,0.7012596130371094,0.7529827952384949,-0.06434809416532516,HELLO
0.6660775542259216,0.87216717004776,-2.15747391507648e-07,0.6048673391342163,0.8312540054321289,-0.03211067616939545,0.5490548014640808,0.743225634098053,-0.05582952871918678,0.5061051249504089,0.6730732321739197,-0.08076963573694229,0.46762412786483765,0.6199978590011597,-0.10561354458332062,0.6121503710746765,0.6120927929878235,-0.03490036353468895,0.6182504892349243,0.49835288524627686,-0.07163503766059875,0.6239559054374695,0.42762792110443115,-0.09027259051799774,0.6299436092376709,0.3678681552410126,-0.10265448689460754,0.6594138741493225,0.6284376382827759,-0.04083386808633804,0.6458744406700134,0.5902854800224304,-0.0971493050456047,0.6324215531349182,0.6902390122413635,-0.10171502828598022,0.6328826546669006,0.7329909205436707,-0.09135571122169495,0.70603346824646,0.6582669615745544,-0.052106745541095734,0.6916970014572144,0.6347547769546509,-0.10820591449737549,0.6713810563087463,0.7250182628631592,-0.09081672132015228,0.6679693460464478,0.7539395093917847,-0.06486601382493973,0.75184565782547,0.696685254573822,-0.06593295186758041,0.7374919056892395,0.6648305058479309,-0.0995485708117485,0.7129023671150208,0.7296746969223022,-0.08392791450023651,0.7068849802017212,0.7553130984306335,-0.06393098086118698,HELLO
0.6663417220115662,0.8721933364868164,-2.1143569028936327e-07,0.605458676815033,0.8308323621749878,-0.03194025158882141,0.5494987368583679,0.7437949776649475,-0.05574263259768486,0.5067631006240845,0.6740314364433289,-0.08086489886045456,0.467647910118103,0.6214548945426941,-0.10592212527990341,0.6121161580085754,0.6122648119926453,-0.0347122885286808,0.6184204816818237,0.49920353293418884,-0.07129957526922226,0.6242132782936096,0.4283653497695923,-0.09015290439128876,0.6299067139625549,0.3683634400367737,-0.1028551533818245,0.6594266891479492,0.6289083361625671,-0.04097981005907059,0.6448059678077698,0.5901744365692139,-0.09711156040430069,0.6312373280525208,0.6891224980354309,-0.10239578038454056,0.6316605806350708,0.7309321761131287,-0.09282386302947998,0.7062806487083435,0.6590986847877502,-0.05248820036649704,0.6914107799530029,0.633688747882843,-0.10870786756277084,0.6710458993911743,0.7236980199813843,-0.0917760580778122,0.6676464080810547,0.7526513934135437,-0.06619825214147568,0.7523834109306335,0.6977760791778564,-0.06648512929677963,0.7376110553741455,0.6636208295822144,-0.10033901780843735,0.7127137184143066,0.7274935841560364,-0.08482280373573303,0.7065743803977966,0.7533656358718872,-0.06489355862140656,HELLO
0.6666111350059509,0.8728435635566711,-2.0629838104468945e-07,0.6056304574012756,0.8310325145721436,-0.03217000514268875,0.549309253692627,0.7444831728935242,-0.05628208816051483,0.506625235080719,0.6741231083869934,-0.08176736533641815,0.4673725664615631,0.621297299861908,-0.10712980479001999,0.6124840974807739,0.6118870973587036,-0.03405700623989105,0.6183438301086426,0.49915093183517456,-0.07016265392303467,0.6239451169967651,0.4278794229030609,-0.08829929679632187,0.6294201016426086,0.3684869408607483,-0.10041533410549164,0.6597809791564941,0.6284793019294739,-0.040227245539426804,0.6443354487419128,0.5896286368370056,-0.0955950990319252,0.630620539188385,0.6891176104545593,-0.09973829239606857,0.6313219666481018,0.7305276393890381,-0.08926832675933838,0.7067738771438599,0.6588373780250549,-0.051801647990942,0.6911982893943787,0.6334636211395264,-0.10758602619171143,0.6709263920783997,0.7237592339515686,-0.09005668759346008,0.6678870916366577,0.752235472202301,-0.06406225264072418,0.7528647780418396,0.697776198387146,-0.06592325866222382,0.7376353740692139,0.6637073159217834,-0.09959964454174042,0.7125948071479797,0.7276069521903992,-0.08391276001930237,0.7065551280975342,0.7533502578735352,-0.06384040415287018,HELLO
0.6689613461494446,0.8749856948852539,-2.0240914011537825e-07,0.6078604459762573,0.8332628607749939,-0.03323826193809509,0.552446186542511,0.7460988163948059,-0.05841200053691864,0.5088948607444763,0.6763168573379517,-0.08467226475477219,0.470145583152771,0.6229029893875122,-0.11060582101345062,0.6143676042556763,0.6151142716407776,-0.03699168562889099,0.6207717061042786,0.5007032155990601,-0.0750361904501915,0.6263754367828369,0.42939049005508423,-0.09393590688705444,0.6328259706497192,0.3687034845352173,-0.10629347711801529,0.662085771560669,0.6313124299049377,-0.042314428836107254,0.6498007774353027,0.5927484631538391,-0.09877106547355652,0.6361722946166992,0.6937673687934875,-0.10174376517534256,0.6364321708679199,0.7328654527664185,-0.09032174944877625,0.7092039585113525,0.6612346172332764,-0.053196266293525696,0.6954048871994019,0.63747239112854,-0.10909084975719452,0.6753953099250793,0.7274199724197388,-0.09006251394748688,0.6720466613769531,0.7516027092933655,-0.06326008588075638,0.7550568580627441,0.698793888092041,-0.06681884825229645,0.7411618232727051,0.6684724688529968,-0.0994403138756752,0.7159298658370972,0.7329287528991699,-0.08265595883131027,0.7091064453125,0.7556467056274414,-0.0621751993894577,HELLO
0.6711610555648804,0.8761953115463257,-2.0763354768860154e-07,0.6098727583885193,0.8338394165039062,-0.03328956663608551,0.5537720322608948,0.7466252446174622,-0.05842459574341774,0.5111393332481384,0.6773803234100342,-0.08465078473091125,0.4715726375579834,0.6239762306213379,-0.11045972257852554,0.6174153685569763,0.6152990460395813,-0.03704625740647316,0.6225109100341797,0.501655101776123,-0.0753667801618576,0.6282998919487,0.4305528998374939,-0.09429793059825897,0.6354963779449463,0.3699817359447479,-0.10658886283636093,0.666478157043457,0.6315581798553467,-0.0426105335354805,0.6527943015098572,0.5961355566978455,-0.09904906898736954,0.6381858587265015,0.6962021589279175,-0.10161536931991577,0.6393082737922668,0.7338038682937622,-0.09001938998699188,0.714369535446167,0.6623324155807495,-0.0539066344499588,0.6983429193496704,0.6411179900169373,-0.1104048490524292,0.6774022579193115,0.7298536896705627,-0.09162868559360504,0.6751085519790649,0.7516677379608154,-0.06501244008541107,0.7607065439224243,0.700819194316864,-0.06787402182817459,0.7452297210693359,0.6706796288490295,-0.10070163011550903,0.7190827131271362,0.7345336079597473,-0.08372203260660172,0.7125999927520752,0.756646454334259,-0.0631709173321724,HELLO
0.6706116199493408,0.877143383026123,-1.981388209060242e-07,0.6099801659584045,0.8329083919525146,-0.03385560214519501,0.5533959269523621,0.7458332777023315,-0.058748576790094376,0.510420024394989,0.6782345175743103,-0.08466553688049316,0.47137486934661865,0.6241852641105652,-0.11013960838317871,0.6177489161491394,0.6146315932273865,-0.036279190331697464,0.6237648129463196,0.5022591352462769,-0.0728456899523735,0.6298889517784119,0.43100422620773315,-0.09046714007854462,0.6358217000961304,0.3713412880897522,-0.10205983370542526,0.6670003533363342,0.630635142326355,-0.04163418337702751,0.6532649397850037,0.594814121723175,-0.09677188843488693,0.637855052947998,0.6935120224952698,-0.09931310266256332,0.6375904083251953,0.7327053546905518,-0.08777362108230591,0.7152476906776428,0.6621654629707336,-0.05276164039969444,0.6999077200889587,0.6425318121910095,-0.10825841128826141,0.6783950924873352,0.7314201593399048,-0.09033051133155823,0.6752163171768188,0.7544705271720886,-0.06435415148735046,0.7620725035667419,0.7024361491203308,-0.066579170525074,0.7469222545623779,0.6730572581291199,-0.09870046377182007,0.7198473215103149,0.7353065013885498,-0.08250413089990616,0.7121042013168335,0.7568018436431885,-0.06265509128570557,HELLO
0.6715133190155029,0.8798839449882507,-2.0384104004733672e-07,0.6110615730285645,0.8365961313247681,-0.033659692853689194,0.5552836060523987,0.7485084533691406,-0.058534421026706696,0.5128162503242493,0.6786316633224487,-0.08455996215343475,0.47454506158828735,0.6241564750671387,-0.11027341336011887,0.6194674968719482,0.6174314618110657,-0.03596007451415062,0.6256715655326843,0.5044698119163513,-0.07299941033124924,0.6319647431373596,0.432787150144577,-0.09130413830280304,0.6378878355026245,0.3731021583080292,-0.1034342348575592,0.6675552725791931,0.6342413425445557,-0.0414033979177475,0.6545270085334778,0.5965622663497925,-0.09763526171445847,0.6391758918762207,0.6959447264671326,-0.10136379301548004,0.6378042101860046,0.7362059950828552,-0.09050817787647247,0.7152241468429565,0.66563481092453,-0.05250813812017441,0.701411247253418,0.6432086825370789,-0.10908503830432892,0.6790750026702881,0.7324251532554626,-0.09179361164569855,0.673703134059906,0.7578128576278687,-0.06596171110868454,0.761911153793335,0.7057039737701416,-0.06625743210315704,0.7484663724899292,0.6744286417961121,-0.09978553652763367,0.7211195826530457,0.7369397878646851,-0.08435794711112976,0.711723804473877,0.7598358988761902,-0.0647444874048233,HELLO
0.6743468046188354,0.8795595765113831,-2.137316812422796e-07,0.6132956147193909,0.8355314135551453,-0.031756170094013214,0.5574173927307129,0.7475119829177856,-0.05608152970671654,0.5148227214813232,0.6780911087989807,-0.08188679069280624,0.4757876992225647,0.6255360245704651,-0.10741804540157318,0.6218957304954529,0.6182606816291809,-0.035334013402462006,0.6276286244392395,0.505434513092041,-0.07235821336507797,0.633668065071106,0.43420034646987915,-0.09072156250476837,0.6396191716194153,0.3739928603172302,-0.10295528173446655,0.6698946356773376,0.6349227428436279,-0.04148735851049423,0.6557571291923523,0.5978182554244995,-0.095821812748909,0.6403688192367554,0.6966460347175598,-0.09799489378929138,0.6400490403175354,0.733803927898407,-0.08689501881599426,0.7174099683761597,0.6667142510414124,-0.053172651678323746,0.7028345465660095,0.6424127817153931,-0.10791908204555511,0.6811226606369019,0.7311014533042908,-0.0887424424290657,0.6775849461555481,0.7546975016593933,-0.06248515844345093,0.7635632157325745,0.7071331739425659,-0.06749704480171204,0.7502210140228271,0.6753270030021667,-0.09976323693990707,0.72245192527771,0.7375644445419312,-0.08300262689590454,0.7138454914093018,0.760155200958252,-0.06292116641998291,HELLO
0.6732210516929626,0.8791460990905762,-2.0781853038442932e-07,0.6132464408874512,0.8359617590904236,-0.033218517899513245,0.5570446848869324,0.7474550008773804,-0.05765847489237785,0.514421284198761,0.6778618097305298,-0.08327151089906693,0.4750747084617615,0.6245666146278381,-0.10851101577281952,0.621040403842926,0.6176468729972839,-0.03558206558227539,0.6272889971733093,0.5052162408828735,-0.0717034712433815,0.6334418654441833,0.4338977634906769,-0.08898885548114777,0.6393663287162781,0.37428876757621765,-0.10053446888923645,0.6693883538246155,0.6345446109771729,-0.04118942469358444,0.6560341715812683,0.5975527763366699,-0.09548352658748627,0.6402229070663452,0.6974069476127625,-0.09745154529809952,0.6395779848098755,0.7350707650184631,-0.08591151237487793,0.7173136472702026,0.6665394902229309,-0.05248652398586273,0.7036832571029663,0.6425222754478455,-0.10768162459135056,0.6813955307006836,0.7322229146957397,-0.08883722126483917,0.6773104071617126,0.7561788558959961,-0.062490418553352356,0.7640125751495361,0.7072958946228027,-0.06648609042167664,0.7507328391075134,0.6755005717277527,-0.09946204721927643,0.7229018807411194,0.7377663254737854,-0.0833447277545929,0.7138338088989258,0.7601202726364136,-0.06347890943288803,HELLO
0.6731532216072083,0.8790104389190674,-2.0495916430718353e-07,0.6131830811500549,0.8360135555267334,-0.03334786370396614,0.5571056008338928,0.7472680807113647,-0.057745978236198425,0.5142813920974731,0.6780028939247131,-0.08323188126087189,0.4750911593437195,0.6247179508209229,-0.10833428800106049,0.6206375360488892,0.6175848245620728,-0.03596891835331917,0.6270351409912109,0.5050151348114014,-0.07237882912158966,0.6334676146507263,0.43369391560554504,-0.08990386128425598,0.6398060321807861,0.3738102614879608,-0.10155072808265686,0.6690025329589844,0.6344568133354187,-0.04144309461116791,0.6566370129585266,0.597923994064331,-0.09583821147680283,0.6404668688774109,0.6975743770599365,-0.09796322882175446,0.6392611265182495,0.7348821759223938,-0.08656209707260132,0.7169485688209534,0.666455864906311,-0.052602481096982956,0.7041932344436646,0.6428617835044861,-0.10795364528894424,0.6815118193626404,0.7326173782348633,-0.08924925327301025,0.6769009828567505,0.7562567591667175,-0.06299098581075668,0.7636222839355469,0.7072449326515198,-0.06644866615533829,0.7510877847671509,0.6757890582084656,-0.09945853054523468,0.7232874631881714,0.7382121086120605,-0.08332449942827225,0.7139934301376343,0.7602468132972717,-0.06343964487314224,HELLO
0.6752981543540955,0.8767750859260559,-1.9500502901337313e-07,0.6144325137138367,0.8325952887535095,-0.03300569951534271,0.5586139559745789,0.7463083863258362,-0.05846897140145302,0.515809178352356,0.6767849326133728,-0.08523432165384293,0.47640663385391235,0.6238898038864136,-0.11183681339025497,0.6231315732002258,0.6170406937599182,-0.03648962080478668,0.629017174243927,0.5039746761322021,-0.07336607575416565,0.6353228688240051,0.43184995651245117,-0.09170781821012497,0.6414426565170288,0.3723488748073578,-0.10388563573360443,0.6716129779815674,0.6330958008766174,-0.042011357843875885,0.6574162840843201,0.5956829190254211,-0.09761426597833633,0.6418561935424805,0.6954230070114136,-0.10042470693588257,0.6408260464668274,0.7357979416847229,-0.08915264904499054,0.7193941473960876,0.6642985343933105,-0.05301232263445854,0.7043612003326416,0.6405755281448364,-0.1087278202176094,0.6821252703666687,0.7300969958305359,-0.09021245688199997,0.6770867109298706,0.7567270994186401,-0.06386719644069672,0.7654771208763123,0.7040672302246094,-0.06664543598890305,0.7514317035675049,0.6736372709274292,-0.09974351525306702,0.7236007452011108,0.7363739609718323,-0.08359009772539139,0.7143490314483643,0.7600009441375732,-0.06357304006814957,HELLO
0.6703300476074219,0.8938447833061218,-2.7969647931058716e-07,0.6040346026420593,0.8510001301765442,-0.02562522143125534,0.5495598316192627,0.7610353827476501,-0.043852925300598145,0.5162976980209351,0.683911919593811,-0.06389258801937103,0.48398905992507935,0.6246345043182373,-0.08435283601284027,0.6155980825424194,0.6414424180984497,-0.02736256644129753,0.6178221106529236,0.5294510126113892,-0.059767093509435654,0.6217562556266785,0.4609149098396301,-0.07802414149045944,0.628620445728302,0.4025757312774658,-0.09071195870637894,0.663978636264801,0.6571437120437622,-0.03613908216357231,0.6467604637145996,0.6044335961341858,-0.08896488696336746,0.6280773878097534,0.6890621781349182,-0.09706634283065796,0.6266202330589294,0.7426937818527222,-0.0898369774222374,0.709602952003479,0.688617467880249,-0.0492967814207077,0.6880912780761719,0.6582240462303162,-0.09924890846014023,0.6680142283439636,0.7409703135490417,-0.08474543690681458,0.6689121723175049,0.7786369323730469,-0.062211357057094574,0.7557315826416016,0.7290461659431458,-0.06467185169458389,0.7308372855186462,0.6975704431533813,-0.09320325404405594,0.7080917954444885,0.7545264959335327,-0.07909103482961655,0.708317220211029,0.7805297374725342,-0.06171765178442001,HELLO
0.6019814014434814,0.966816782951355,-5.762141199738835e-07,0.5530410408973694,0.9061610698699951,-0.02258823812007904,0.5250701308250427,0.8089212775230408,-0.03781679645180702,0.5230414271354675,0.7280106544494629,-0.05594838038086891,0.5220747590065002,0.6724178791046143,-0.07182582467794418,0.5944187641143799,0.7131175398826599,-0.015274791978299618,0.6122588515281677,0.6118902564048767,-0.05762660130858421,0.599442720413208,0.6213985681533813,-0.085324227809906,0.5890517234802246,0.6474524140357971,-0.09841138124465942,0.6348683834075928,0.7297117710113525,-0.022505613043904305,0.6460009217262268,0.6582591533660889,-0.06681711226701736,0.6179158687591553,0.7150508165359497,-0.08457015454769135,0.5995955467224121,0.7629718780517578,-0.08771874010562897,0.6735361814498901,0.7558083534240723,-0.03549080714583397,0.6832132935523987,0.6986808180809021,-0.07576806843280792,0.6496354341506958,0.7558375000953674,-0.07335665076971054,0.6277207136154175,0.8016334176063538,-0.062270063906908035,0.7102442383766174,0.7923423647880554,-0.05068652704358101,0.7150033712387085,0.7420675158500671,-0.0733867734670639,0.6856074929237366,0.780954897403717,-0.06523795425891876,0.6655847430229187,0.8184231519699097,-0.053090471774339676,HELLO
0.5966382622718811,0.9779636859893799,-4.4720681557919306e-07,0.5528283715248108,0.911544144153595,-0.013989170081913471,0.5384066700935364,0.8089985251426697,-0.020175468176603317,0.5554510354995728,0.7293109893798828,-0.030917281284928322,0.5693270564079285,0.669601321220398,-0.041055236011743546,0.5861124396324158,0.7219486236572266,0.007372604217380285,0.5956759452819824,0.6327053904533386,-0.020111335441470146,0.5899733901023865,0.6122739315032959,-0.03973981365561485,0.5867422223091125,0.6025949716567993,-0.05067367106676102,0.6292433738708496,0.7330185174942017,-0.0017414428293704987,0.6350294351577759,0.6650493741035461,-0.039336252957582474,0.6112907528877258,0.71895831823349,-0.05660324543714523,0.5967094302177429,0.7645501494407654,-0.05789938569068909,0.670904278755188,0.7555205225944519,-0.015296285040676594,0.6743636131286621,0.6956632137298584,-0.05396021157503128,0.6442110538482666,0.7563775181770325,-0.051529355347156525,0.62764573097229,0.8030658960342407,-0.038245439529418945,0.7106805443763733,0.7908945679664612,-0.030004993081092834,0.708504319190979,0.7331922650337219,-0.054414063692092896,0.6821849346160889,0.7749047875404358,-0.04544132575392723,0.6699302196502686,0.815229594707489,-0.031060831621289253,HELLO
